NumTasks,DnCRuntime,PkMinRuntime
50,0.07183289527893066,0.17897987365722656
